id;username;password;email;address;phone
1;mobile Fish;Home Loan Account Table Computer;Jadon_Streich@gmail.com;alarm;097-892-0191
2;methodology Albania;Home Namibia;Brody97@yahoo.com;Multi-channelled Licensed;135-954-0866 x1400
3;Usability South Dakota envisioneer;Intelligent;Dayne.Kessler60@hotmail.com;backing up Salad;216.734.5255
4;Industrial;connect Markets Chief;Mona8@yahoo.com;sky blue Tasty Plastic Pizza;725.853.9265
5;Plastic;Car Industrial deliverables;Cloyd1@yahoo.com;magenta monitor 1080p;093-619-8864 x3003
6;Lempira;pixel withdrawal;Kelley.Kovacek@hotmail.com;bus synthesize Idaho;240.574.1041 x2086
7;knowledge base Buckinghamshire;Concrete Investment Account Saint Lucia;Danyka59@gmail.com;Chilean Peso Unidades de fomento;(968) 261-8482 x14885
8;back-end;granular Direct contextually-based;Hertha.Abbott86@yahoo.com;Games;1-544-261-2329 x132
9;Oklahoma facilitate;Engineer;Delia.Fritsch71@hotmail.com;Plastic;026.954.0023 x96261
10;Berkshire Designer;Credit Card Account;Nola24@gmail.com;cross-platform Point Orchestrator;580.781.3516
